Model,MAE,RMSE,R2
AE + XGBoost,8.786805152893066,11.045310248200542,0.05011940002441406
LSTM + Attention,8.802721977233887,11.026923090187672,0.05327928066253662
Naive_last,11.729914665222168,15.22105687886901,-0.8038598299026489
LinearRegression,8.811145979666144,11.082225978728054,0.04375948039537825
XGBoost_raw,8.7537202835083,11.068408487351336,0.046142399311065674
